budget,budget_rate,noise,ce_mean,ce_sd,gce_mean,gce_sd,coteaching_mean,coteaching_sd,snv_f_mean,snv_f_sd,promix_mean,promix_sd,conventional_seeds,promix_seeds
clean,0.00000,Clean dataset,95.09,0.17,94.50,0.25,95.66,0.07,94.69,0.14,97.23,0.11,3,2
aggregate,0.09010,Human (CIFAR-10N),90.05,0.04,92.00,0.10,93.69,0.26,91.08,0.12,97.15,0.01,3,2
aggregate,0.09010,Symmetric,90.30,0.29,93.72,0.05,94.21,0.12,93.34,0.19,97.24,0.18,3,2
aggregate,0.09010,Semantic-2,89.88,0.25,93.23,0.16,94.09,0.08,93.50,0.23,97.14,0.08,3,2
aggregate,0.09010,IdLN (Xia et al.),90.33,0.12,93.62,0.26,94.26,0.08,93.44,0.24,97.31,0.13,3,2
aggregate,0.09010,ProtoNoise,90.04,0.41,93.48,0.10,94.38,0.25,93.44,0.09,97.26,0.01,3,2
aggregate,0.09010,MarginNoise,87.22,0.17,88.30,0.13,90.14,0.23,87.37,0.35,96.71,0.11,3,2
random2,0.18122,Human (CIFAR-10N),84.16,0.18,89.91,0.19,92.41,0.21,89.14,0.11,96.88,0.18,3,2
random2,0.18122,Symmetric,83.65,0.27,92.47,0.08,93.34,0.06,91.86,0.15,97.23,0.09,3,2
random2,0.18122,Semantic-2,83.05,0.19,91.52,0.22,92.56,0.27,92.32,0.28,97.08,0.01,3,2
random2,0.18122,IdLN (Xia et al.),83.67,0.54,91.75,0.43,93.07,0.12,91.70,0.60,97.22,0.16,3,2
random2,0.18122,ProtoNoise,83.57,0.03,91.75,0.07,93.07,0.21,91.37,0.18,97.10,0.13,3,2
random2,0.18122,MarginNoise,78.31,0.33,79.59,0.29,83.44,0.13,78.66,0.40,94.80,0.14,3,2
worst,0.40208,Human (CIFAR-10N),65.10,0.64,78.59,0.38,85.91,0.29,72.07,0.11,95.94,0.04,3,2
worst,0.40208,Symmetric,62.61,0.23,87.69,0.49,89.85,0.14,87.78,0.45,96.60,0.01,3,2
worst,0.40208,Semantic-2,62.67,0.51,77.59,0.15,88.03,0.12,84.71,4.09,96.38,0.06,3,2
worst,0.40208,IdLN (Xia et al.),62.22,0.41,68.69,2.14,87.46,1.11,79.00,2.21,96.88,0.10,3,2
worst,0.40208,ProtoNoise,62.23,0.47,81.87,0.97,88.43,0.25,83.74,4.99,96.48,0.01,3,2
worst,0.40208,MarginNoise,57.74,0.16,60.54,0.24,64.75,0.50,59.74,0.39,84.99,0.29,3,2
